residue,mean_residence_time(ns),SE(ns)
1,3.635,1.120
2,15.421,1.740
3,3.284,0.466
4,2.004,0.355
5,2.921,0.612
6,4.379,1.625
7,1.556,0.422
8,5.743,0.801
9,2.212,0.349
10,2.480,0.362
11,2.010,0.245
12,1.915,0.215
13,2.196,0.385
14,2.750,0.592
15,1.364,0.345
16,1.162,0.187
17,5.179,0.463
18,1.536,0.124
19,1.293,0.126
20,0.858,0.074
21,1.342,0.197
22,2.802,0.437
23,3.196,1.184
24,1.003,0.123
25,1.185,0.183
26,10.936,3.619
27,3.032,0.383
28,2.748,0.382
29,1.234,0.343
30,1.013,0.226
31,1.550,0.278
32,1.947,0.333
33,1.305,0.277
34,1.603,0.311
35,0.748,0.114
36,4.616,1.141
